"date","market","locality_or_group","place_type","url_or_section","decision","status","canonical_or_source","inbound_internal_links","notes"
"2026-09-28","Glasgow","Glasgow","City","/areas/glasgow","Reviewed and retained existing area page and six local service pages","Retained","https://www.glasgow.gov.uk/article/3982/Glasgow-s-LEZ-Key-Information","Existing city/service/nearby structure","No duplicate Glasgow pages added."
"2026-09-28","Edinburgh","Edinburgh","City","/areas/edinburgh","Reviewed and retained existing area page and six local service pages","Retained","https://www.edinburgh.gov.uk/parking-spaces/dispensations-suspensions","Existing city/service/nearby structure","No duplicate Edinburgh pages added."
"2026-09-28","Inverness","Inverness","City","/areas/inverness","Reviewed and retained existing area page and six local service pages","Retained","https://www.traffic.gov.scot/traffic-information/roadworks","Existing city/service/nearby structure","Fort William now has stronger linked coverage."
"2026-09-28","Aberdeen","Aberdeen","City","/areas/aberdeen","Reviewed and retained existing area page and six local service pages","Retained","https://www.aberdeencity.gov.uk/Council-Services/roads-parking-and-travel/low-emission-zone-lez","Existing city/service/nearby structure","No duplicate Aberdeen pages added."
"2026-09-28","Dundee","Dundee and nearby groups","City and localities","Dundee nearby-area section","Retained existing six service pages; improved nearby groups","Improved","https://www.dundeecity.gov.uk/service-area/city-development/sustainable-transport-and-roads/dundee-low-emission-zone-scheme-lez","/areas/dundee nearby section","Rendered on /areas/dundee: one nearby section, 14 locality cards, visible at 360px and 768px. No thin standalone neighbourhood pages created."
"2026-09-28","Perth","Perth and nearby groups","City and localities","Perth nearby-area section","Retained existing six service pages; improved nearby groups","Improved","https://www.pkc.gov.uk/article/22131/Bay-suspensions-and-dispensations","/areas/perth nearby section","Rendered on /areas/perth: one nearby section, 9 locality cards, visible at 360px and 768px. No duplicate Perthshire service combinations created."
"2026-09-28","Fort William","Fort William","Town/place","/areas/fort-william","Closed service-page gap while retaining existing area page","Improved","https://www.speedyvan.uk/areas/fort-william","/areas/inverness and /areas/isle-of-skye nearby links; /areas/fort-william parent","Rendered on /areas/fort-william: one nearby section, 8 locality cards, visible at 360px and 768px. Schema.org City can include towns; Fort William schema modelling retained rather than changed solely because it is a town."
"2026-09-28","Isle of Skye","Isle of Skye","Island/place","/areas/isle-of-skye","Added accurate island area page and six service pages","Added","https://www.speedyvan.uk/areas/isle-of-skye","/areas and /areas/fort-william","Rendered on /areas/isle-of-skye: one nearby section, 10 locality cards, visible at 360px and 768px. Visible postcode range omitted pending independent verification; no link to West Lothian /areas/armadale."
"2026-09-28","Fort William","House removals in Fort William","Local service","/areas/fort-william/house-removal","Added authored page for whole-house inventory, controlled access and A82/final approach planning","Added","https://www.speedyvan.uk/areas/fort-william/house-removal","/areas/fort-william; /services/house-removal; related local service links","Sources: Highland Council Fort William High Street bollards; Traffic Scotland roadworks."
"2026-09-28","Fort William","Flat removals in Fort William","Local service","/areas/fort-william/flat-removals","Added authored page for floor/stair detail, pedestrian access and route checks","Added","https://www.speedyvan.uk/areas/fort-william/flat-removals","/areas/fort-william; /services/flat-removals; related local service links","Sources: Highland Council Fort William High Street bollards; Traffic Scotland roadworks."
"2026-09-28","Fort William","Furniture delivery in Fort William","Local service","/areas/fort-william/furniture-delivery","Added authored page for seller release point, item measurements and delivery-route checks","Added","https://www.speedyvan.uk/areas/fort-william/furniture-delivery","/areas/fort-william; /services/furniture-delivery; related local service links","Sources: Highland Council Fort William High Street bollards; Traffic Scotland roadworks."
"2026-09-28","Fort William","Office removals in Fort William","Local service","/areas/fort-william/office-removal","Added authored page for service entrance restrictions, business timing and equipment labelling","Added","https://www.speedyvan.uk/areas/fort-william/office-removal","/areas/fort-william; /services/office-removal; related local service links","Sources: Highland Council Fort William High Street bollards; Traffic Scotland roadworks."
"2026-09-28","Fort William","Student moves in Fort William","Local service","/areas/fort-william/student-move","Added authored page for residence details, personal inventory and key timing","Added","https://www.speedyvan.uk/areas/fort-william/student-move","/areas/fort-william; /services/student-move; related local service links","Sources: UHI Fort William accommodation; Highland Council Fort William High Street bollards."
"2026-09-28","Fort William","Packing help in Fort William","Local service","/areas/fort-william/packing-service","Added authored page for packing scope, fragile items and route-to-vehicle planning","Added","https://www.speedyvan.uk/areas/fort-william/packing-service","/areas/fort-william; /services/packing-service; related local service links","Sources: Highland Council Fort William High Street bollards; Traffic Scotland roadworks."
"2026-09-28","Isle of Skye","House removals on the Isle of Skye","Local service","/areas/isle-of-skye/house-removal","Added authored page for full island-house move, bridge/ferry route checks and final approach","Added","https://www.speedyvan.uk/areas/isle-of-skye/house-removal","/areas/isle-of-skye; /services/house-removal; related local service links","Sources: Traffic Scotland bridges; CalMac Mallaig-Armadale route."
"2026-09-28","Isle of Skye","Flat removals on the Isle of Skye","Local service","/areas/isle-of-skye/flat-removals","Added authored page for exact building entrance, stairs and bridge-route dependency","Added","https://www.speedyvan.uk/areas/isle-of-skye/flat-removals","/areas/isle-of-skye; /services/flat-removals; related local service links","Source: Traffic Scotland bridges."
"2026-09-28","Isle of Skye","Furniture delivery on the Isle of Skye","Local service","/areas/isle-of-skye/furniture-delivery","Added authored page for seller access, item condition, ferry/crossing route and receiving-room access","Added","https://www.speedyvan.uk/areas/isle-of-skye/furniture-delivery","/areas/isle-of-skye; /services/furniture-delivery; related local service links","Source: CalMac Mallaig-Armadale route."
"2026-09-28","Isle of Skye","Office removals on the Isle of Skye","Local service","/areas/isle-of-skye/office-removal","Added authored page for working entrance, equipment labels and bridge/ferry/road dependency","Added","https://www.speedyvan.uk/areas/isle-of-skye/office-removal","/areas/isle-of-skye; /services/office-removal; related local service links","Source: Traffic Scotland bridges."
"2026-09-28","Isle of Skye","Student moves on the Isle of Skye","Local service","/areas/isle-of-skye/student-move","Added authored page for correct study centre/private address, personal inventory and key timing","Added","https://www.speedyvan.uk/areas/isle-of-skye/student-move","/areas/isle-of-skye; /services/student-move; related local service links","Sources: UHI Portree centre; UHI Broadford centre."
"2026-09-28","Isle of Skye","Packing help on the Isle of Skye","Local service","/areas/isle-of-skye/packing-service","Added authored page for island packing scope, fragile preparation and rural final carry","Added","https://www.speedyvan.uk/areas/isle-of-skye/packing-service","/areas/isle-of-skye; /services/packing-service; related local service links","Source: Traffic Scotland bridges."
"2026-09-28","All target markets","Generated city/town/village service combinations","URL class","N/A","Do not create weak generated combinations","Rejected","N/A","N/A","Avoids duplicate keyword pages and inaccurate service/coverage claims."
